"","name","ortho","phono"
"145","145","accrue","xkru"
"1407","1407","babble","b@bL"
"1409","1409","Babel","bebL"
"1412","1412","baby","bebi"
"1430","1430","badger","b@JX"
"1433","1433","baffle","b@fL"
"1437","1437","bagel","begL"
"1439","1439","baggy","b@gi"
"1447","1447","bairn","bErn"
"1457","1457","bald","bcld"
"1470","1470","ballet","b@le"
"1486","1486","band","b@nd"
"1501","1501","bani","bani"
"1505","1505","bank","b@Gk"
"1508","1508","banner","b@nX"
"1510","1510","banns","b@nz"
"1525","1525","barb","barb"
"1539","1539","bard","bard"
"1542","1542","barge","barJ"
"1545","1545","bark","bark"
"1549","1549","barn","barn"
"1564","1564","barrel","b@rL"
"1570","1570","barrow","b@ro"
"1573","1573","basal","besL"
"1581","1581","basil","b@zL"
"1584","1584","basin","besN"
"1586","1586","bask","b@sk"
"1590","1590","basso","b@so"
"1593","1593","bast","b@st"
"1595","1595","baste","best"
"1605","1605","baths","b@Dz"
"1612","1612","batteau","b@to"
"1613","1613","batten","b@tN"
"1614","1614","batter","b@tX"
"1617","1617","battle","b@tL"
"1618","1618","bauble","bcbL"
"1620","1620","bawdy","bcdi"
"1631","1631","beadle","bidL"
"1632","1632","beagle","bigL"
"1634","1634","beaked","bikt"
"1635","1635","beaker","bikX"
"1638","1638","beanie","bini"
"1639","1639","beard","bIrd"
"1642","1642","beast","bist"
"1644","1644","beaten","bitN"
"1656","1656","beaver","bivX"
"1668","1668","bedew","bidu"
"1681","1681","beetle","bitL"
"1682","1682","beeves","bivz"
"1692","1692","beggar","bEgX"
"1708","1708","belch","bElC"
"1724","1724","bellow","bElo"
"1726","1726","belly","bEli"
"1728","1728","belt","bElt"
"1732","1732","bench","bEnC"
"1733","1733","bend","bEnd"
"1746","1746","bent","bEnt"
"1753","1753","Berber","bRbX"
"1759","1759","berry","bEri"
"1762","1762","beryl","bErL"
"1770","1770","best","bEst"
"1776","1776","bethel","bETL"
"1778","1778","better","bEtX"
"1781","1781","bevel","bEvL"
"1783","1783","bevy","bEvi"
"1786","1786","bezel","bEzL"
"1792","1792","bible","bYbL"
"1800","1800","bicker","bIkX"
"1804","1804","bidden","bIdN"
"1820","1820","bilge","bIlJ"
"1823","1823","bilk","bIlk"
"1831","1831","billow","bIlo"
"1832","1832","billy","bIli"
"1836","1836","bind","bYnd"
"1837","1837","binge","bInJ"
"1856","1856","birdie","bRdi"
"1863","1863","bison","bYsN"
"1864","1864","bisque","bIsk"
"1869","1869","bitten","bItN"
"1870","1870","bitter","bItX"
"1980","1980","board","bord"
"1981","1981","boast","bost"
"1985","1985","boatswain","bosN"
"1988","1988","bobble","babL"
"1989","1989","bobby","babi"
"1994","1994","boccie","baCi"
"2001","2001","body","badi"
"2004","2004","bogie","bUgi"
"2009","2009","bold","bold"
"2015","2015","bolo","bolo"
"2020","2020","bolt","bolt"
"2027","2027","bomber","bamX"
"2032","2032","bond","band"
"2039","2039","boner","bonX"
"2045","2045","bonnie","bani"
"2049","2049","booby","bubi"
"2050","2050","boodle","budL"
"2058","2058","boost","bust"
"2061","2061","booths","buDz"
"2062","2062","bootie","buti"
"2065","2065","booty","buti"
"2071","2071","born","born"
"2074","2074","borrow","baro"
"2085","2085","bother","baDX"
"2086","2086","bottle","batL"
"2087","2087","bottom","batM"
"2094","2094","bounce","bWns"
"2095","2095","bound","bWnd"
"2114","2114","bowler","bolX"
"2118","2118","box","baks"
"2262","2262","bubble","b^bL"
"2267","2267","buckle","b^kL"
"2275","2275","buddy","b^di"
"2281","2281","buffer","b^fX"
"2287","2287","buggy","b^gi"
"2289","2289","build","bIld"
"2290","2290","built","bIlt"
"2291","2291","bulb","b^lb"
"2295","2295","bulge","b^lJ"
"2296","2296","bulk","b^lk"
"2304","2304","bully","bUli"
"2309","2309","bump","b^mp"
"2313","2313","bunch","b^nC"
"2321","2321","bunk","b^Gk"
"2324","2324","bunt","b^nt"
"2329","2329","burden","bRdN"
"2335","2335","burgee","bRJi"
"2338","2338","burgher","bRgX"
"2347","2347","burly","bRli"
"2350","2350","burned","bRnd"
"2353","2353","burnt","bRnt"
"2355","2355","bursa","bRsx"
"2356","2356","bursar","bRsX"
"2358","2358","burst","bRst"
"2369","2369","bust","b^st"
"2370","2370","bustle","b^sL"
"2371","2371","busy","bIzi"
"2377","2377","butter","b^tX"
"2382","2382","button","b^tN"
"2397","2397","cabbie","k@bi"
"2400","2400","cable","kebL"
"2407","2407","cachet","k@Se"
"2408","2408","cackle","k@kL"
"2414","2414","caddy","k@di"
"2422","2422","Caesar","sizX"
"2424","2424","cafe","k@fe"
"2430","2430","cairn","kErn"
"2464","2464","calla","k@lx"
"2471","2471","callow","k@lo"
"2484","2484","calves","k@vz"
"2495","2495","camel","k@mL"
"2502","2502","camp","k@mp"
"2538","2538","canned","k@nd"
"2539","2539","canner","k@nX"
"2549","2549","canny","k@ni"
"2554","2554","cant","k@nt"
"2580","2580","caper","kepX"
"2638","2638","card","kard"
"2670","2670","carol","k@rL"
"2671","2671","carom","k@rM"
"2676","2676","carp","karp"
"2685","2685","carry","k@ri"
"2686","2686","cart","kart"
"2696","2696","carve","karv"
"2704","2704","cashew","k@Su"
"2709","2709","cask","k@sk"
"2714","2714","cassia","k@Sx"
"2716","2716","cast","k@st"
"2723","2723","castle","k@sL"
"2751","2751","catchy","k@Ci"
"2756","2756","cater","ketX"
"2772","2772","cattle","k@tL"
"2773","2773","catty","k@ti"
"2778","2778","caudal","kcdL"
"2781","2781","causal","kczL"
"2801","2801","cavil","k@vL"
"2804","2804","cavy","kevi"
"2810","2810","cedar","sidX"
"2823","2823","cellar","sElX"
"2826","2826","cello","CElo"
"2831","2831","celt","sElt"
"2845","2845","cent","sEnt"
"2882","2882","certain","sRtN"
"2895","2895","chafer","CefX"
"2897","2897","chaffer","C@fX"
"2904","2904","chalet","S@le"
"2909","2909","challis","S@li"
"2914","2914","chamois","S@mi"
"2916","2916","champ","C@mp"
"2919","2919","chance","C@ns"
"2927","2927","change","CenJ"
"2929","2929","channel","C@nL"
"2932","2932","chant","C@nt"
"2940","2940","chapel","C@pL"
"2946","2946","chaps","C@ps"
"2957","2957","chard","Card"
"2958","2958","charge","CarJ"
"2966","2966","charm","Carm"
"2968","2968","chart","Cart"
"2972","2972","chary","C@ri"
"2974","2974","chaser","CesX"
"2975","2975","chasm","k@zM"
"2976","2976","chassis","C@si"
"2977","2977","chaste","Cest"
"2978","2978","chasten","CesN"
"2983","2983","chateau","S@to"
"2985","2985","chattel","C@tL"
"2986","2986","chatter","C@tX"
"2988","2988","chatty","C@ti"
"2989","2989","chauffeur","SofX"
"2990","2990","chaunt","Ccnt"
"3009","3009","cheery","CIri"
"3012","3012","chela","kilx"
"3022","3022","cherry","CEri"
"3027","3027","chest","CEst"
"3045","3045","chidden","CIdN"
"3053","3053","chigger","CIgX"
"3056","3056","child","CYld"
"3065","3065","chimp","CImp"
"3068","3068","china","CYnx"
"3071","3071","chink","CIGk"
"3076","3076","chipper","CIpX"
"3082","3082","chisel","CIzL"
"3101","3101","choler","kalX"
"3107","3107","choosey","Cuzi"
"3109","3109","choppy","Capi"
"3110","3110","chops","Caps"
"3112","3112","choral","korL"
"3113","3113","chord","kord"
"3148","3148","chubby","C^bi"
"3150","3150","chuckle","C^kL"
"3152","3152","chukka","C^kx"
"3154","3154","chummy","C^mi"
"3155","3155","chump","C^mp"
"3156","3156","chunk","C^Gk"
"3166","3166","cider","sYdX"
"3169","3169","cinch","sInC"
"3178","3178","cipher","sYfX"
"3179","3179","circa","sRkx"
"3180","3180","circle","sRkL"
"3216","3216","city","sIti"
"3219","3219","civil","sIvL"
"3348","3348","coarse","kors"
"3350","3350","coast","kost"
"3354","3354","coax","koks"
"3358","3358","cobble","kabL"
"3363","3363","coca","kokx"
"3374","3374","cockeye","kakY"
"3375","3375","cockle","kakL"
"3377","3377","cocky","kaki"
"3378","3378","coco","koko"
"3382","3382","coda","kodx"
"3383","3383","coddle","kadL"
"3388","3388","codger","kaJX"
"3398","3398","coerce","koRs"
"3430","3430","cola","kolx"
"3432","3432","cold","kold"
"3452","3452","collie","kali"
"3464","3464","colonel","kRnL"
"3471","3471","color","k^lX"
"3479","3479","colt","kolt"
"3481","3481","column","kalM"
"3484","3484","coma","komx"
"3489","3489","comber","komX"
"3511","3511","comma","kamx"
"3634","3634","conch","kaGk"
"3679","3679","coney","koni"
"3916","3916","cooky","kUki"
"3919","3919","coolie","kuli"
"3922","3922","cooper","kupX"
"3927","3927","cootie","kuti"
"3934","3934","copper","kapX"
"3939","3939","copse","kaps"
"3943","3943","copy","kapi"
"3947","3947","coral","kcrL"
"3960","3960","cork","kork"
"3962","3962","corn","korn"
"4023","4023","cost","kcst"
"4032","4032","cottar","katX"
"4033","4033","cotton","katN"
"4038","4038","cougar","kugX"
"4042","4042","count","kWnt"
"4064","4064","coupe","kupe"
"4065","4065","couple","k^pL"
"4071","4071","courier","kRiX"
"4072","4072","court","kort"
"4084","4084","cover","k^vX"
"4088","4088","covey","k^vi"
"4104","4104","cozy","kozi"
"4279","4279","cuddle","k^dL"
"4280","4280","cudgel","k^JL"
"4290","4290","cult","k^lt"
"4315","4315","curdle","kRdL"
"4335","4335","curtain","kRtN"
"4359","4359","cutter","k^tX"
"4367","4367","cycle","sYkL"
"4383","4383","cyst","sIst"
"4389","4389","dabble","d@bL"
"4396","4396","daddy","d@di"
"4399","4399","daft","d@ft"
"4400","4400","dagger","d@gX"
"4403","4403","daily","deli"
"4406","4406","dairy","dEri"
"4408","4408","daisy","dezi"
"4410","4410","dally","d@li"
"4419","4419","damned","d@md"
"4420","4420","damp","d@mp"
"4424","4424","dance","d@ns"
"4436","4436","dank","d@Gk"
"4437","4437","dapper","d@pX"
"4438","4438","dapple","d@pL"
"4441","4441","dark","dark"
"4447","4447","darn","darn"
"4449","4449","dart","dart"
"4459","4459","daunt","dcnt"
"4463","4463","dawdle","dcdL"
"4469","4469","dazzle","d@zL"
"4474","4474","deaden","dEdN"
"4481","4481","dealer","dilX"
"4483","4483","dealt","dElt"
"4513","4513","decay","dxke"
"4592","4592","deft","dEft"
"4594","4594","defy","dIfY"
"4610","4610","delay","dxle"
"4611","4611","dele","dili"
"4637","4637","delve","dElv"
"4681","4681","denim","dEnM"
"4687","4687","dense","dEns"
"4689","4689","dent","dEnt"
"4699","4699","deny","dInY"
"4763","4763","desk","dEsk"
"4818","4818","devil","dEvL"
"4854","4854","diaper","dYpX"
"4860","4860","diary","dYri"
"4864","4864","dibble","dIbL"
"4867","4867","dicker","dIkX"
"4868","4868","dicky","dIki"
"4887","4887","differ","dIfX"
"4920","4920","dimmer","dImX"
"4925","4925","diner","dYnX"
"4927","4927","dinghy","dIGi"
"4932","4932","dinner","dInX"
"4934","4934","dint","dInt"
"4944","4944","dipper","dIpX"
"4975","4975","disc","dIsk"
"5098","5098","dither","dIDX"
"5099","5099","ditto","dIto"
"5100","5100","ditty","dIti"
"5126","5126","dizzy","dIzi"
"5129","5129","docile","dasL"
"5142","5142","dodder","dadX"
"5155","5155","doily","dOli"
"5161","5161","dollar","dalX"
"5163","5163","dolly","dali"
"5165","5165","dolor","dolX"
"5167","5167","dolt","dolt"
"5187","5187","donor","donX"
"5189","5189","doodle","dudL"
"5194","5194","dorm","dorm"
"5199","5199","dory","dori"
"5206","5206","dottle","datL"
"5207","5207","double","d^bL"
"5214","5214","doughty","dWti"
"5219","5219","dowdy","dWdi"
"5228","5228","downy","dWni"
"5229","5229","dowry","dWri"
"5323","5323","ducal","dukL"
"5326","5326","duchy","d^Ci"
"5328","5328","duct","d^kt"
"5336","5336","duffer","d^fX"
"5344","5344","dully","d^li"
"5345","5345","duly","duli"
"5352","5352","dummy","d^mi"
"5353","5353","dump","d^mp"
"5356","5356","dunce","d^ns"
"5363","5363","dunk","d^Gk"
"5378","5378","dusk","d^sk"
"5379","5379","dust","d^st"
"5385","5385","duty","duti"
"5891","5891","euchre","yukX"
"6143","6143","fable","febL"
"6153","6153","facial","feSL"
"6154","6154","facile","f@sL"
"6158","6158","fact","f@kt"
"6167","6167","faery","fEri"
"6176","6176","faint","fent"
"6178","6178","fairy","f@ri"
"6190","6190","fallow","f@lo"
"6191","6191","FALSE","fcls"
"6222","6222","farce","fars"
"6226","6226","farm","farm"
"6232","6232","farrow","f@ro"
"6246","6246","fast","f@st"
"6247","6247","fasten","f@sN"
"6253","6253","fatal","fetL"
"6260","6260","father","faDX"
"6263","6263","fatten","f@tN"
"6264","6264","fatty","f@ti"
"6269","6269","fault","fclt"
"6272","6272","favor","fevX"
"6281","6281","feast","fist"
"6283","6283","feather","fEDX"
"6284","6284","feature","fiCX"
"6301","6301","feeble","fibL"
"6310","6310","fellah","fElx"
"6312","6312","felloe","fElo"
"6315","6315","felly","fEli"
"6319","6319","felt","fElt"
"6325","6325","femur","fimX"
"6327","6327","fence","fEns"
"6328","6328","fend","fEnd"
"6331","6331","fennel","fEnL"
"6340","6340","ferrule","fErL"
"6341","6341","fertile","fRtL"
"6355","6355","fetter","fEtX"
"6356","6356","fettle","fEtL"
"6362","6362","fever","fivX"
"6367","6367","fiat","fiat"
"6372","6372","fichu","fISu"
"6373","6373","fickle","fIkL"
"6376","6376","fiddle","fIdL"
"6383","6383","field","fild"
"6385","6385","fiend","find"
"6386","6386","fierce","fIrs"
"6387","6387","fiery","fYri"
"6391","6391","fifth","fIfT"
"6402","6402","filch","fIlC"
"6403","6403","filet","fIle"
"6410","6410","filler","fIlX"
"6413","6413","filly","fIli"
"6414","6414","film","fIlm"
"6415","6415","fils","fIls"
"6417","6417","filth","fIlT"
"6422","6422","final","fYnL"
"6430","6430","finch","fInC"
"6431","6431","find","fYnd"
"6441","6441","finis","fIni"
"6444","6444","finny","fIni"
"6451","6451","first","fRst"
"6461","6461","fissure","fISX"
"6462","6462","fist","fIst"
"6467","6467","fix","fIks"
"6476","6476","fizzle","fIzL"
"6610","6610","fodder","fadX"
"6613","6613","fogey","fogi"
"6614","6614","foible","fObL"
"6615","6615","foist","fOst"
"6616","6616","fold","fold"
"6624","6624","follow","falo"
"6625","6625","folly","fali"
"6628","6628","fond","fand"
"6632","6632","font","fant"
"6650","6650","force","fors"
"6653","6653","ford","ford"
"6690","6690","forge","forJ"
"6695","6695","fork","fork"
"6699","6699","form","form"
"6718","6718","fort","fort"
"6719","6719","forth","forT"
"6732","6732","forum","forM"
"6734","6734","fossil","fasL"
"6739","6739","foully","fWli"
"6741","6741","found","fWnd"
"6746","6746","fount","fWnt"
"6749","6749","fox","faks"
"6852","6852","fuddle","f^dL"
"6861","6861","fully","fUli"
"6873","6873","fund","f^nd"
"6883","6883","funk","f^Gk"
"6884","6884","funnel","f^nL"
"6885","6885","funny","f^ni"
"6891","6891","furlough","fRlo"
"6896","6896","furrier","fRiX"
"6900","6900","further","fRDX"
"6922","6922","gabble","g@bL"
"6923","6923","gabby","g@bi"
"6925","6925","gable","gebL"
"6936","6936","gaffer","g@fX"
"6940","6940","gaily","geli"
"6944","6944","gaiter","getX"
"6945","6945","gala","gelx"
"6955","6955","galley","g@li"
"6977","6977","gammer","g@mX"
"6979","6979","gamy","gemi"
"6997","6997","garb","garb"
"7023","7023","gasp","g@sp"
"7030","7030","gather","g@DX"
"7035","7035","gaunt","gcnt"
"7038","7038","gavel","g@vL"
"7050","7050","geisha","geSx"
"7053","7053","geld","gEld"
"7085","7085","genie","Jini"
"7091","7091","gens","JEnz"
"7092","7092","gent","JEnt"
"7138","7138","geyser","gYzX"
"7144","7144","ghost","gost"
"7148","7148","gibber","JIbX"
"7154","7154","giddy","gIdi"
"7155","7155","gift","gIft"
"7158","7158","giggle","gIgL"
"7160","7160","gild","gIld"
"7162","7162","gilt","gIlt"
"7172","7172","girder","gRdX"
"7173","7173","girdle","gRdL"
"7178","7178","gist","JIst"
"7247","7247","gnarl","narl"
"7257","7257","goalie","goli"
"7261","7261","goatee","goti"
"7265","7265","gobble","gabL"
"7271","7271","goggle","gagL"
"7273","7273","goitre","gOtX"
"7274","7274","gold","gold"
"7279","7279","golf","g^lf"
"7283","7283","goner","gcnX"
"7292","7292","goody","gUdi"
"7297","7297","gopher","gofX"
"7299","7299","gorge","gorJ"
"7304","7304","gorse","gors"
"7305","7305","gory","gori"
"7313","7313","gotten","gatN"
"7317","7317","gourd","gord"
"7318","7318","gourde","gUrd"
"7483","7483","guard","gard"
"7488","7488","guerdon","gRdN"
"7490","7490","guest","gEst"
"7499","7499","guinea","gIni"
"7502","7502","gulch","g^lC"
"7506","7506","gully","g^li"
"7507","7507","gulp","g^lp"
"7513","7513","gunnel","g^nL"
"7515","7515","gunny","g^ni"
"7518","7518","guppy","g^pi"
"7519","7519","gurgle","gRgL"
"7522","7522","gust","g^st"
"7526","7526","gutter","g^tX"
"7528","7528","gutty","g^ti"
"7530","7530","guzzle","g^zL"
"7560","7560","hackle","h@kL"
"7570","7570","haft","h@ft"
"7574","7574","haggle","h@gL"
"7581","7581","hairy","h@ri"
"7585","7585","haler","halX"
"7595","7595","hallo","hxlo"
"7596","7596","hallow","h@lo"
"7600","7600","halo","helo"
"7602","7602","halt","hclt"
"7606","7606","halves","h@vz"
"7611","7611","hammer","h@mX"
"7616","7616","hand","h@nd"
"7632","7632","hangar","h@GX"
"7634","7634","hanged","h@Gd"
"7637","7637","hank","h@Gk"
"7646","7646","happy","h@pi"
"7651","7651","hard","hard"
"7657","7657","harem","h@rM"
"7658","7658","hark","hark"
"7661","7661","harm","harm"
"7668","7668","harp","harp"
"7674","7674","harrow","h@ro"
"7675","7675","harsh","harS"
"7676","7676","hart","hart"
"7682","7682","hasp","h@sp"
"7683","7683","hassle","h@sL"
"7685","7685","haste","hest"
"7686","7686","hasten","hesN"
"7693","7693","hatter","h@tX"
"7696","7696","haunch","hcnC"
"7697","7697","haunt","hcnt"
"7714","7714","hazel","hezL"
"7715","7715","hazy","hezi"
"7723","7723","heady","hEdi"
"7725","7725","health","hElT"
"7734","7734","hearth","harT"
"7740","7740","heather","hEDX"
"7744","7744","heavy","hEvi"
"7751","7751","heckle","hEkL"
"7760","7760","heft","hEft"
"7764","7764","heifer","hEfX"
"7766","7766","heighten","hYtN"
"7770","7770","heist","hYst"
"7771","7771","held","hEld"
"7788","7788","hello","hElo"
"7789","7789","helm","hElm"
"7793","7793","help","hElp"
"7795","7795","helve","hElv"
"7808","7808","hemp","hEmp"
"7811","7811","hence","hEns"
"7814","7814","henna","hEnx"
"7852","7852","hero","hIro"
"7868","7868","hex","hEks"
"7885","7885","hidden","hIdN"
"7904","7904","hilt","hIlt"
"7907","7907","hind","hYnd"
"7914","7914","hinge","hInJ"
"7915","7915","hint","hInt"
"7934","7934","hither","hIDX"
"7936","7936","hives","hYvz"
"7937","7937","hoard","hord"
"7940","7940","hoarse","hors"
"7941","7941","hoary","hori"
"7942","7942","hoax","hoks"
"7944","7944","hobble","habL"
"7945","7945","hobby","habi"
"7949","7949","hockey","haki"
"7955","7955","hoist","hOst"
"7956","7956","hokum","hokM"
"7957","7957","hold","hold"
"7962","7962","holla","halx"
"7963","7963","hollo","halo"
"7964","7964","holly","hali"
"7968","7968","holy","holi"
"7990","7990","honey","h^ni"
"7992","7992","honk","hcGk"
"8012","8012","hooves","hUvz"
"8021","8021","horn","horn"
"8050","8050","host","host"
"8061","8061","hound","hWnd"
"8063","8063","houri","hUri"
"8074","8074","hovel","h^vL"
"8075","8075","hover","h^vX"
"8083","8083","hoyden","hOdN"
"8090","8090","huddle","h^dL"
"8095","8095","hula","hulx"
"8096","8096","hulk","h^lk"
"8124","8124","hump","h^mp"
"8127","8127","hunch","h^nC"
"8132","8132","hunk","h^Gk"
"8134","8134","hunt","h^nt"
"8137","8137","hurdle","hRdL"
"8143","8143","hurtle","hRtL"
"8146","8146","husk","h^sk"
"8149","8149","hussy","h^zi"
"8151","8151","hustle","h^sL"
"8155","8155","huzza","h^za"
"9268","9268","jabber","J@bX"
"9272","9272","jackal","J@kL"
"9280","9280","jailor","JelX"
"9297","9297","jaunt","Jcnt"
"9304","9304","jeans","Jinz"
"9310","9310","jelly","JEli"
"9317","9317","jersey","JRzi"
"9320","9320","jest","JEst"
"9324","9324","jetty","JEti"
"9327","9327","Jewry","JUri"
"9329","9329","jiffy","JIfi"
"9331","9331","jigger","JIgX"
"9332","9332","jiggle","JIgL"
"9334","9334","jilt","JIlt"
"9335","9335","jimmy","JImi"
"9346","9346","jobber","JabX"
"9349","9349","jockey","Jaki"
"9356","9356","joggle","JagL"
"9357","9357","johnny","Jani"
"9359","9359","joint","JOnt"
"9360","9360","joist","JOst"
"9364","9364","jolly","Jali"
"9365","9365","jolt","Jolt"
"9369","9369","jostle","JasL"
"9371","9371","jounce","JWns"
"9372","9372","journal","JRnL"
"9376","9376","journey","JRni"
"9377","9377","joust","JWst"
"9397","9397","juggle","J^gL"
"9409","9409","jump","J^mp"
"9417","9417","junk","J^Gk"
"9425","9425","juror","JUrX"
"9426","9426","just","J^st"
"9438","9438","kaiser","kYzX"
"9460","9460","kelp","kElp"
"9461","9461","Kelt","kElt"
"9463","9463","kennel","kEnL"
"9464","9464","kepi","kepi"
"9465","9465","kept","kEpt"
"9469","9469","kettle","kEtL"
"9470","9470","khaki","k@ki"
"9482","9482","kiln","kIln"
"9483","9483","kilo","kilo"
"9487","9487","kilt","kIlt"
"9491","9491","kind","kYnd"
"9502","9502","kink","kIGk"
"9508","9508","kipper","kIpX"
"9509","9509","kirk","kIrk"
"9510","9510","kirtle","kRtL"
"9519","9519","kitten","kItN"
"9520","9520","kitty","kIti"
"9530","9530","kneeled","nild"
"9532","9532","knelt","nElt"
"9538","9538","knives","nYvz"
"9540","9540","knobbed","nabd"
"9541","9541","knobby","nabi"
"9550","9550","knuckle","n^kL"
"9558","9558","kosher","koSX"
"9568","9568","label","lebL"
"9571","9571","labor","lebX"
"9585","9585","lackey","l@ki"
"9588","9588","lacquer","l@kX"
"9594","9594","lacy","lesi"
"9596","9596","ladder","l@dX"
"9597","9597","laddie","l@di"
"9598","9598","laden","ledN"
"9600","9600","ladle","ledL"
"9601","9601","lady","ledi"
"9604","9604","lager","lagX"
"9611","9611","laird","lErd"
"9625","9625","lamp","l@mp"
"9629","9629","lance","l@ns"
"9632","9632","land","l@nd"
"9648","9648","lank","l@Gk"
"9660","9660","lapse","l@ps"
"9664","9664","larch","larC"
"9665","9665","lard","lard"
"9667","9667","large","larJ"
"9671","9671","lark","lark"
"9682","9682","lasso","l@so"
"9683","9683","last","l@st"
"9694","9694","lather","l@DX"
"9695","9695","Latin","l@tN"
"9699","9699","latter","l@tX"
"9706","9706","launch","lcnC"
"9709","9709","laurel","lcrL"
"9710","9710","lava","lavx"
"9722","9722","lax","l@ks"
"9730","9730","lazar","l@zX"
"9732","9732","lazy","lezi"
"9737","9737","leaden","lEdN"
"9750","9750","leapt","lipt"
"9752","9752","learned","lRnd"
"9756","9756","least","list"
"9757","9757","leather","lEDX"
"9760","9760","leaves","livz"
"9767","9767","ledger","lEJX"
"9769","9769","leery","lIri"
"9773","9773","left","lEft"
"9778","9778","legal","ligL"
"9789","9789","legged","lEgd"
"9804","9804","leisure","liZX"
"9811","9811","lend","lEnd"
"9818","9818","lens","lEnz"
"9819","9819","lent","lEnt"
"9825","9825","leper","lEpX"
"9832","9832","lessee","lEsi"
"9833","9833","lessen","lEsN"
"9835","9835","lest","lEst"
"9838","9838","lethal","liTL"
"9841","9841","letter","lEtX"
"9849","9849","leva","lEvx"
"9850","9850","levee","lEvi"
"9851","9851","level","lEvL"
"9853","9853","lever","lEvX"
"9866","9866","libel","lYbL"
"9895","9895","lido","lido"
"9898","9898","lieder","lidX"
"9905","9905","lifer","lYfX"
"9907","9907","lift","lIft"
"9911","9911","lighten","lYtN"
"9912","9912","lighter","lYtX"
"9916","9916","lights","lYts"
"9927","9927","lilt","lIlt"
"9928","9928","lily","lIli"
"9943","9943","limp","lImp"
"9945","9945","limy","lYmi"
"9956","9956","liner","lYnX"
"9967","9967","link","lIGk"
"9973","9973","lint","lInt"
"9980","9980","lipped","lIpt"
"9985","9985","liqueur","lIkR"
"9989","9989","liquor","lIkX"
"9990","9990","lira","lIrx"
"9992","9992","lisp","lIsp"
"9994","9994","list","lIst"
"9995","9995","listen","lIsN"
"10020","10020","litre","litX"
"10021","10021","litter","lItX"
"10022","10022","little","lItL"
"10034","10034","liver","lIvX"
"10038","10038","lives","lYvz"
"10043","10043","llama","lamx"
"10055","10055","loaves","lovz"
"10057","10057","lobar","lobX"
"10058","10058","lobby","labi"
"10061","10061","local","lokL"
"10070","10070","locker","lakX"
"10080","10080","lodger","laJX"
"10081","10081","loft","lcft"
"10094","10094","logy","logi"
"10096","10096","loiter","lOtX"
"10114","10114","loosen","lusN"
"10119","10119","lord","lord"
"10122","10122","lorn","lorn"
"10123","10123","lorry","lcri"
"10127","10127","lost","lcst"
"10133","10133","lounge","lWnJ"
"10136","10136","lousy","lWzi"
"10138","10138","louvre","luvX"
"10146","10146","lox","laks"
"10150","10150","lubber","l^bX"
"10162","10162","lucky","l^ki"
"10164","10164","lucre","lukX"
"10181","10181","lump","l^mp"
"10184","10184","lunch","l^nC"
"10190","10190","lunge","l^nJ"
"10198","10198","lust","l^st"
"10208","10208","lymph","lImf"
"10210","10210","lynch","lInC"
"10236","10236","madam","m@dM"
"10239","10239","madden","m@dN"
"10240","10240","madder","m@dX"
"10289","10289","mailed","meld"
"10300","10300","major","meJX"
"10317","10317","Malay","mxle"
"10340","10340","mallow","m@lo"
"10346","10346","malt","mclt"
"10348","10348","mama","mamx"
"10350","10350","mammal","m@mL"
"10378","10378","mange","menJ"
"10402","10402","manna","m@nx"
"10403","10403","manned","m@nd"
"10405","10405","manner","m@nX"
"10410","10410","manse","m@ns"
"10429","10429","many","mEni"
"10431","10431","Maori","mWri"
"10433","10433","maple","mepL"
"10440","10440","march","marC"
"10444","10444","marge","marJ"
"10459","10459","mark","mark"
"10467","10467","marl","marl"
"10482","10482","marrow","m@ro"
"10483","10483","marry","m@ri"
"10484","10484","Mars","marz"
"10485","10485","marsh","marS"
"10489","10489","mart","mart"
"10505","10505","mask","m@sk"
"10507","10507","mason","mesN"
"10518","10518","mast","m@st"
"10558","10558","matter","m@tX"
"10580","10580","maya","mayx"
"10582","10582","maybe","mebi"
"10589","10589","mazy","mezi"
"10593","10593","meadow","mEdo"
"10596","10596","meagre","migX"
"10603","10603","meant","mEnt"
"10611","10611","mecca","mEkx"
"10617","10617","medal","mEdL"
"10652","10652","meld","mEld"
"10653","10653","melee","mele"
"10658","10658","mellow","mElo"
"10666","10666","melt","mElt"
"10670","10670","memo","mEmo"
"10682","10682","mend","mEnd"
"10707","10707","mercer","mRsX"
"10712","10712","mercy","mRsi"
"10716","10716","merger","mRJX"
"10724","10724","merry","mEri"
"10725","10725","mesa","mesx"
"10745","10745","metal","mEtL"
"10764","10764","meter","mitX"
"10782","10782","mica","mYkx"
"10795","10795","midday","mIde"
"10796","10796","midden","mIdN"
"10797","10797","middle","mIdL"
"10801","10801","middy","mIdi"
"10811","10811","mighty","mYti"
"10820","10820","milch","mIlk"
"10821","10821","mild","mYld"
"10857","10857","mince","mIns"
"10859","10859","mind","mYnd"
"10862","10862","miner","mYnX"
"10879","10879","mink","mIGk"
"10881","10881","minnow","mIno"
"10885","10885","mint","mInt"
"10930","10930","miser","mYzX"
"10954","10954","missal","mIsL"
"10961","10961","mist","mIst"
"10976","10976","mitre","mYtX"
"10978","10978","mitten","mItN"
"10979","10979","mix","mIks"
"10981","10981","mizen","mIzN"
"10986","10986","mobile","mobL"
"10993","10993","modal","modL"
"10995","10995","model","madL"
"11017","11017","mogul","mogL"
"11022","11022","moist","mOst"
"11023","11023","moisten","mOsN"
"11025","11025","molar","molX"
"11027","11027","mold","mold"
"11043","11043","molt","molt"
"11045","11045","moly","moli"
"11064","11064","money","m^ni"
"11074","11074","monk","m^Gk"
"11110","11110","month","m^nT"
"11115","11115","moody","mudi"
"11126","11126","moral","mcrL"
"11142","11142","morgue","morg"
"11146","11146","morn","morn"
"11161","11161","morrow","maro"
"11176","11176","mosey","mozi"
"11178","11178","mosque","mask"
"11181","11181","most","most"
"11186","11186","mother","m^DX"
"11189","11189","motile","motL"
"11196","11196","motor","motX"
"11199","11199","mottle","matL"
"11200","11200","motto","mato"
"11201","11201","mound","mWnd"
"11202","11202","mount","mWnt"
"11209","11209","mouser","mWzX"
"11210","11210","mousey","mWsi"
"11216","11216","mover","muvX"
"11217","11217","movie","muvi"
"11225","11225","muddle","m^dL"
"11232","11232","muffle","m^fL"
"11236","11236","muggy","m^gi"
"11242","11242","mulch","m^lC"
"11264","11264","mummer","m^mX"
"11267","11267","mummy","m^mi"
"11269","11269","munch","m^nC"
"11276","11276","murder","mRdX"
"11278","11278","murmur","mRmX"
"11281","11281","muscle","m^sL"
"11292","11292","musk","m^sk"
"11303","11303","must","m^st"
"11322","11322","mutter","m^tX"
"11323","11323","mutton","m^tN"
"11326","11326","muzzle","m^zL"
"11331","11331","mynah","mYnx"
"11336","11336","myrtle","mRtL"
"11354","11354","nacre","nekX"
"11381","11381","nard","nard"
"11388","11388","narrow","n@ro"
"11391","11391","nasal","nezL"
"11396","11396","natal","netL"
"11411","11411","natty","n@ti"
"11417","11417","nature","neCX"
"11425","11425","naval","nevL"
"11431","11431","navy","nevi"
"11462","11462","needle","nidL"
"11465","11465","needs","nidz"
"11466","11466","needy","nidi"
"11480","11480","neighbor","nebX"
"11482","11482","neither","niDX"
"11505","11505","nest","nEst"
"11506","11506","nestle","nEsL"
"11509","11509","nether","nEDX"
"11511","11511","nettle","nEtL"
"11523","11523","neuter","nutX"
"11530","11530","never","nEvX"
"11537","11537","newly","nuli"
"11541","11541","newsy","nuzi"
"11547","11547","nibble","nIbL"
"11551","11551","nickel","nIkL"
"11553","11553","nicker","nIkX"
"11575","11575","ninny","nIni"
"11579","11579","nipper","nIpX"
"11580","11580","nipple","nIpL"
"11581","11581","nippy","nIpi"
"11584","11584","niter","nYtX"
"11592","11592","nix","nIks"
"11595","11595","noble","nobL"
"11602","11602","noddle","nadL"
"11603","11603","noddy","nadi"
"11612","11612","noisy","nOzi"
"11654","11654","noodle","nudL"
"11661","11661","norm","norm"
"11666","11666","Norse","nors"
"11667","11667","north","norT"
"11679","11679","nosy","nozi"
"11703","11703","novel","navL"
"11717","11717","nozzle","nazL"
"11722","11722","nubble","n^bL"
"11755","11755","nurture","nRCX"
"11762","11762","nuts","n^ts"
"11764","11764","nutty","n^ti"
"11765","11765","nuzzle","n^zL"
"11767","11767","nymph","nImf"
"11924","11924","once","w^ns"
"12138","12138","outre","utre"
"12239","12239","pacer","pesX"
"12248","12248","packer","p@kX"
"12251","12251","pact","p@kt"
"12254","12254","paddle","p@dL"
"12256","12256","paddy","p@di"
"12270","12270","paint","pent"
"12303","12303","pallor","p@lX"
"12306","12306","palmer","pamX"
"12309","12309","palmy","pami"
"12337","12337","panel","p@nL"
"12349","12349","pant","p@nt"
"12358","12358","pants","p@ns"
"12361","12361","papa","papx"
"12363","12363","papal","pepL"
"12366","12366","paper","pepX"
"12377","12377","para","parx"
"12415","12415","parch","parC"
"12417","12417","pard","pard"
"12435","12435","park","park"
"12457","12457","parry","p@ri"
"12458","12458","parse","pars"
"12465","12465","part","part"
"12489","12489","pasha","paSx"
"12494","12494","passe","p@se"
"12495","12495","passel","p@sL"
"12508","12508","past","p@st"
"12510","12510","paste","pest"
"12528","12528","paten","p@tN"
"12563","12563","patter","p@tX"
"12565","12565","patty","p@ti"
"12567","12567","paunch","pcnC"
"12568","12568","pauper","pcpX"
"12587","12587","peaked","pikt"
"12595","12595","pebble","pEbL"
"12607","12607","pedal","pEdL"
"12633","12633","pelf","pElf"
"12638","12638","pelt","pElt"
"12642","12642","penal","pinL"
"12647","12647","pence","pEns"
"12667","12667","penni","pEni"
"12676","12676","pent","pEnt"
"12691","12691","people","pipL"
"12693","12693","pepper","pEpX"
"12737","12737","peril","pErL"
"12752","12752","perjure","pRJX"
"12787","12787","person","pRsN"
"12819","12819","peso","peso"
"12821","12821","pest","pEst"
"12831","12831","petal","pEtL"
"12833","12833","peter","pitX"
"12845","12845","petty","pEti"
"12859","12859","pharaoh","fEro"
"12907","12907","phony","foni"
"12963","12963","pickle","pIkL"
"12967","12967","picky","pIki"
"12969","12969","picot","piko"
"12973","12973","piddle","pIdL"
"12979","12979","pierce","pIrs"
"12981","12981","piffle","pIfL"
"12990","12990","piker","pYkX"
"12994","12994","piled","pYld"
"13000","13000","pillar","pIlX"
"13004","13004","pillow","pIlo"
"13008","13008","pimp","pImp"
"13014","13014","pinch","pInC"
"13022","13022","pink","pIGk"
"13030","13030","pint","pYnt"
"13042","13042","piquet","pIke"
"13056","13056","pitcher","pICX"
"13062","13062","pithy","pITi"
"13069","13069","pity","pIti"
"13204","13204","poem","poxm"
"13206","13206","poet","poxt"
"13213","13213","point","pOnt"
"13220","13220","poker","pokX"
"13221","13221","pokey","poki"
"13222","13222","polar","polX"
"13253","13253","polo","polo"
"13278","13278","pommel","p^mL"
"13279","13279","pomp","pamp"
"13286","13286","pond","pand"
"13296","13296","pony","poni"
"13297","13297","poodle","pudL"
"13310","13310","poppy","papi"
"13318","13318","porch","porC"
"13321","13321","pored","pord"
"13322","13322","pork","pork"
"13331","13331","port","port"
"13351","13351","poser","pozX"
"13352","13352","poseur","pozR"
"13358","13358","posse","pasi"
"13365","13365","possum","pasM"
"13366","13366","post","post"
"13395","13395","posy","pozi"
"13408","13408","pother","paDX"
"13415","13415","potter","patX"
"13418","13418","poult","polt"
"13422","13422","pounce","pWns"
"13423","13423","pound","pWnd"
"13431","13431","pox","paks"
"13888","13888","Psyche","sYki"
"13911","13911","pucker","p^kX"
"13913","13913","puddle","p^dL"
"13915","13915","pudgy","p^Ji"
"13926","13926","pukka","p^kx"
"13931","13931","pulley","pUli"
"13935","13935","pulp","p^lp"
"13940","13940","pulse","p^ls"
"13944","13944","pump","p^mp"
"13948","13948","punch","p^nC"
"13961","13961","punk","p^Gk"
"13963","13963","punt","p^nt"
"13969","13969","puppy","p^pi"
"13990","13990","purple","pRpL"
"13995","13995","purser","pRsX"
"14000","14000","purvey","pRve"
"14006","14006","pussy","pUsi"
"14018","14018","puttee","p^ti"
"14019","14019","putter","p^tX"
"14020","14020","putty","p^ti"
"14021","14021","puzzle","p^zL"
"14033","14033","pyx","pIks"
"14107","14107","quint","kInt"
"14136","14136","rabbi","r@bY"
"14139","14139","rabble","r@bL"
"14147","14147","racial","reSL"
"14153","14153","racy","resi"
"14172","14172","raffle","r@fL"
"14173","14173","raft","r@ft"
"14190","14190","rainy","reni"
"14192","14192","raisin","rezN"
"14193","14193","rajah","raJx"
"14196","14196","rally","r@li"
"14201","14201","ramie","r@mi"
"14204","14204","ramp","r@mp"
"14211","14211","ranch","r@nC"
"14216","14216","rand","r@nd"
"14218","14218","ranee","rani"
"14220","14220","range","renJ"
"14222","14222","rank","r@Gk"
"14226","14226","rant","r@nt"
"14238","14238","rapt","r@pt"
"14249","14249","rasher","r@SX"
"14250","14250","rasp","r@sp"
"14255","14255","rather","r@DX"
"14259","14259","ratio","reSo"
"14270","14270","rattle","r@tL"
"14279","14279","ravel","r@vL"
"14289","14289","razor","rezX"
"14300","14300","ready","rEdi"
"14308","14308","really","rili"
"14309","14309","realm","rElm"
"14313","14313","reamer","rimX"
"14317","14317","reason","rizN"
"14321","14321","rebel","rEbL"
"14407","14407","recur","rIkR"
"14410","14410","redden","rEdN"
"14426","14426","reefer","rifX"
"14432","14432","refer","rIfR"
"14466","14466","regal","rigL"
"14520","14520","relay","rile"
"14566","14566","renal","rinL"
"14569","14569","rend","rEnd"
"14575","14575","renew","rInu"
"14581","14581","rent","rEnt"
"14590","14590","repay","ripe"
"14669","14669","resin","rEzN"
"14693","14693","rest","rEst"
"14742","14742","revel","rEvL"
"14809","14809","ridden","rIdN"
"14810","14810","riddle","rIdL"
"14812","14812","rider","rYdX"
"14821","14821","rifle","rYfL"
"14822","14822","rift","rIft"
"14832","14832","rigor","rIgX"
"14836","14836","rimy","rYmi"
"14837","14837","rind","rYnd"
"14841","14841","rink","rIGk"
"14842","14842","rinse","rIns"
"14849","14849","ripple","rIpL"
"14852","14852","risen","rIzN"
"14853","14853","riser","rYzX"
"14857","14857","risk","rIsk"
"14862","14862","rival","rYvL"
"14866","14866","river","rIvX"
"14878","14878","roast","rost"
"14886","14886","rocker","rakX"
"14894","14894","roger","raJX"
"14900","14900","roller","rolX"
"14907","14907","romp","ramp"
"14911","14911","rookie","rUki"
"14914","14914","roost","rust"
"14924","14924","rosin","razN"
"14927","14927","rosy","rozi"
"14936","14936","rotor","rotX"
"14937","14937","rotten","ratN"
"14940","14940","rouble","rubL"
"14948","14948","round","rWnd"
"14958","14958","rover","rovX"
"14960","14960","rowdy","rWdi"
"14964","14964","rubber","r^bX"
"14966","14966","rubble","r^bL"
"14970","14970","ruby","rubi"
"14971","14971","rudder","r^dX"
"14972","14972","ruddy","r^di"
"14976","14976","ruffed","r^ft"
"14978","14978","ruffle","r^fL"
"14986","14986","ruler","rulX"
"14994","14994","rummy","r^mi"
"14995","14995","rumor","rumX"
"14996","14996","rump","r^mp"
"15010","15010","runnel","r^nL"
"15012","15012","runny","r^ni"
"15014","15014","runt","r^nt"
"15016","15016","rupee","rupi"
"15022","15022","rusk","r^sk"
"15025","15025","rust","r^st"
"15032","15032","rustle","r^sL"
"15040","15040","sable","sebL"
"15042","15042","sabre","sebX"
"15047","15047","sachet","s@Se"
"15058","15058","sadden","s@dN"
"15059","15059","saddle","s@dL"
"15069","15069","saga","sagx"
"15077","15077","sailor","selX"
"15078","15078","saint","sent"
"15080","15080","saki","saki"
"15091","15091","sallow","s@lo"
"15092","15092","sally","s@li"
"15095","15095","salt","sclt"
"15118","15118","sand","s@nd"
"15133","15133","sank","s@Gk"
"15134","15134","sans","s@nz"
"15140","15140","sappy","s@pi"
"15150","15150","sassy","s@si"
"15152","15152","Satan","setN"
"15155","15155","satchel","s@CL"
"15161","15161","satin","s@tN"
"15173","15173","satyr","setX"
"15186","15186","savor","sevX"
"15233","15233","schism","sIzM"
"15283","15283","screw","skru"
"15327","15327","season","sizN"
"15346","15346","sect","sEkt"
"15376","15376","seizure","siZX"
"15382","15382","self","sElf"
"15407","15407","send","sEnd"
"15413","15413","senna","sEnx"
"15415","15415","sense","sEns"
"15435","15435","sepal","sipL"
"15472","15472","serum","sIrM"
"15476","15476","servile","sRvL"
"15481","15481","sessile","sEsL"
"15484","15484","settee","sEti"
"15485","15485","setter","sEtX"
"15486","15486","settle","sEtL"
"15492","15492","sever","sEvX"
"15500","15500","sex","sEks"
"15507","15507","shabby","S@bi"
"15509","15509","shackle","S@kL"
"15513","15513","shadow","S@do"
"15514","15514","shaft","S@ft"
"15522","15522","shallow","S@lo"
"15529","15529","shank","S@Gk"
"15531","15531","shard","Sard"
"15533","15533","shark","Sark"
"15534","15534","sharp","Sarp"
"15536","15536","shatter","S@tX"
"15539","15539","shaves","S@vz"
"15547","15547","sheaths","SiDz"
"15549","15549","sheaves","Sivz"
"15555","15555","shelf","SElf"
"15560","15560","shelve","SElv"
"15565","15565","sherry","SEri"
"15568","15568","shield","Sild"
"15569","15569","shift","SIft"
"15571","15571","shimmer","SImX"
"15572","15572","shimmy","SImi"
"15575","15575","shiner","SYnX"
"15579","15579","shiny","SYni"
"15587","15587","shiver","SIvX"
"15592","15592","shoddy","Sadi"
"15599","15599","shorn","Sorn"
"15600","15600","short","Sort"
"15611","15611","shovel","S^vL"
"15638","15638","shudder","S^dX"
"15639","15639","shuffle","S^fL"
"15641","15641","shunt","S^nt"
"15643","15643","shutter","S^tX"
"15644","15644","shuttle","S^tL"
"15648","15648","sibyl","sIbL"
"15651","15651","sickle","sIkL"
"15657","15657","sidle","sYdL"
"15662","15662","sift","sIft"
"15684","15684","silk","sIlk"
"15686","15686","silly","sIli"
"15687","15687","silo","sYlo"
"15688","15688","silt","sIlt"
"15697","15697","simmer","sImX"
"15710","15710","since","sIns"
"15715","15715","singe","sInJ"
"15722","15722","sink","sIGk"
"15733","15733","sisal","sYsL"
"15738","15738","six","sIks"
"15743","15743","sizzle","sIzL"
"15748","15748","skew","skyu"
"15921","15921","sober","sobX"
"15924","15924","soccer","sakX"
"15937","15937","soda","sodx"
"15938","15938","sodden","sadN"
"15941","15941","sofa","sofx"
"15942","15942","soft","scft"
"15945","15945","soggy","sagi"
"15951","15951","solar","solX"
"15953","15953","sold","sold"
"15954","15954","solder","sadX"
"15957","15957","solely","soli"
"15972","15972","solo","solo"
"15978","15978","solve","sclv"
"16012","16012","sorrel","scrL"
"16013","16013","sorrow","saro"
"16014","16014","sorry","sari"
"16015","16015","sort","sort"
"16023","16023","sound","sWnd"
"16026","16026","source","sors"
"16103","16103","spew","spyu"
"16143","16143","splay","sple"
"16184","16184","spray","spre"
"16186","16186","spree","spri"
"16198","16198","spry","sprY"
"16455","16455","straw","strc"
"16456","16456","stray","stre"
"16467","16467","strew","stru"
"16605","16605","subtile","s^tL"
"16619","16619","succor","s^kX"
"16626","16626","suckle","s^kL"
"16631","16631","sudden","s^dN"
"16632","16632","suds","s^dz"
"16636","16636","suffer","s^fX"
"16659","16659","suitor","sutX"
"16663","16663","sulk","s^lk"
"16665","16665","sully","s^li"
"16678","16678","summer","s^mX"
"16689","16689","sunk","s^Gk"
"16719","16719","supper","s^pX"
"16721","16721","supple","s^pL"
"16750","16750","surly","sRli"
"16764","16764","surtout","sRtu"
"16766","16766","survey","sRve"
"16776","16776","suture","suCX"
"16834","16834","sword","sord"
"16851","16851","sylph","sIlf"
"16900","16900","tabby","t@bi"
"16902","16902","table","tebL"
"16911","16911","tabour","tebX"
"16921","16921","tackle","t@kL"
"16922","16922","tacky","t@ki"
"16923","16923","tact","t@kt"
"16930","16930","taffy","t@fi"
"16934","16934","tailor","telX"
"16935","16935","taint","tent"
"16938","16938","talc","t@lk"
"16945","16945","tallow","t@lo"
"16946","16946","tally","t@li"
"16957","16957","tamp","t@mp"
"16970","16970","tank","t@Gk"
"16973","16973","tanner","t@nX"
"16982","16982","taper","tepX"
"16987","16987","taps","t@ps"
"16995","16995","tarn","tarn"
"16999","16999","tarry","t@ri"
"17000","17000","tart","tart"
"17004","17004","task","t@sk"
"17005","17005","tassel","t@sL"
"17006","17006","taste","test"
"17009","17009","tatter","t@tX"
"17012","17012","tattle","t@tL"
"17013","17013","tattoo","t@tu"
"17015","17015","taunt","tcnt"
"17021","17021","tawny","tcni"
"17022","17022","tax","t@ks"
"17030","17030","TB","tibi"
"17053","17053","teens","tinz"
"17054","17054","teeny","tini"
"17055","17055","teeter","titX"
"17109","17109","tend","tEnd"
"17123","17123","tenor","tEnX"
"17126","17126","tense","tEns"
"17130","17130","tent","tEnt"
"17138","17138","tepee","tipi"
"17163","17163","terror","tErX"
"17167","17167","test","tEst"
"17182","17182","tether","tEDX"
"17194","17194","thank","T@Gk"
"17203","17203","theft","TEft"
"17212","17212","thence","TEns"
"17218","17218","theorem","TIrM"
"17221","17221","theory","TIri"
"17235","17235","thermal","TRmL"
"17258","17258","thieves","Tivz"
"17264","17264","think","TIGk"
"17265","17265","thinner","TInX"
"17267","17267","thirst","TRst"
"17271","17271","thistle","TIsL"
"17272","17272","thither","TIDX"
"17279","17279","thorn","Torn"
"17283","17283","thorp","Torp"
"17323","17323","thump","T^mp"
"17342","17342","tickle","tIkL"
"17343","17343","tidal","tYdL"
"17347","17347","tidy","tYdi"
"17355","17355","tights","tYts"
"17360","17360","tiller","tIlX"
"17361","17361","tilt","tIlt"
"17362","17362","tilth","tIlT"
"17382","17382","tinge","tInJ"
"17386","17386","tinny","tIni"
"17390","17390","tint","tInt"
"17393","17393","tiny","tYni"
"17396","17396","tipple","tIpL"
"17404","17404","tissue","tISu"
"17405","17405","titan","tYtN"
"17412","17412","title","tYtL"
"17415","17415","titter","tItX"
"17417","17417","tittle","tItL"
"17422","17422","toady","todi"
"17423","17423","toast","tost"
"17429","17429","toddle","tadL"
"17430","17430","toddy","tadi"
"17433","17433","toffy","tafi"
"17435","17435","toga","togx"
"17445","17445","told","told"
"17462","17462","tonal","tonL"
"17487","17487","toper","topX"
"17493","17493","topple","tapL"
"17494","17494","tops","taps"
"17498","17498","Torah","torx"
"17499","17499","torch","torC"
"17502","17502","torn","torn"
"17509","17509","torque","tork"
"17515","17515","tort","tort"
"17520","17520","Tory","tori"
"17523","17523","total","totL"
"17528","17528","totem","totM"
"17532","17532","touchy","t^Ci"
"17534","17534","toupee","tupe"
"17805","17805","tuba","tubx"
"17807","17807","tuber","tubX"
"17816","17816","tucker","t^kX"
"17818","17818","tufa","tufx"
"17819","17819","tuft","t^ft"
"17830","17830","tumor","tumX"
"17833","17833","tuna","tunx"
"17840","17840","tunnel","t^nL"
"17841","17841","tunny","t^ni"
"17854","17854","turkey","tRki"
"17865","17865","turtle","tRtL"
"17867","17867","tusk","t^sk"
"17869","17869","tussle","t^sL"
"17872","17872","tutor","tutX"
"17875","17875","TV","tivi"
"18298","18298","valley","v@li"
"18299","18299","valor","v@lX"
"18307","18307","valve","v@lv"
"18311","18311","vamp","v@mp"
"18327","18327","vapor","vepX"
"18351","18351","vary","vEri"
"18355","18355","vassal","v@sL"
"18356","18356","vast","v@st"
"18362","18362","vault","vclt"
"18363","18363","vaunt","vcnt"
"18369","18369","veery","vIri"
"18380","18380","veined","vend"
"18381","18381","velar","vilX"
"18383","18383","vellum","vElM"
"18390","18390","venal","vinL"
"18394","18394","vend","vEnd"
"18407","18407","venom","vEnM"
"18410","18410","vent","vEnt"
"18424","18424","verbal","vRbL"
"18435","18435","verdure","vRJX"
"18443","18443","vermeil","vRmL"
"18451","18451","vernal","vRnL"
"18457","18457","versed","vRst"
"18462","18462","verso","vRso"
"18481","18481","vessel","vEsL"
"18482","18482","vest","vEst"
"18498","18498","vex","vEks"
"18513","18513","vicar","vIkX"
"18535","18535","victual","vItL"
"18537","18537","vide","vYdi"
"18546","18546","vigil","vIJL"
"18550","18550","vigor","vIgX"
"18553","18553","vilely","vYli"
"18576","18576","vinyl","vYnL"
"18587","18587","viper","vYpX"
"18589","18589","viral","vYrL"
"18593","18593","Virgo","vRgo"
"18596","18596","virile","vIrL"
"18598","18598","virtu","vRtu"
"18600","18600","virtue","vRCu"
"18625","18625","visor","vYzX"
"18633","18633","vital","vYtL"
"18660","18660","vocal","vokL"
"18672","18672","voiced","vOst"
"18682","18682","volley","vali"
"18684","18684","volt","volt"
"18732","18732","wabble","wabL"
"18733","18733","wacky","w@ki"
"18736","18736","waddle","wadL"
"18739","18739","wadi","wadi"
"18740","18740","wafer","wefX"
"18741","18741","waffle","wafL"
"18742","18742","waft","waft"
"18745","18745","wager","weJX"
"18748","18748","waggle","w@gL"
"18758","18758","waist","west"
"18765","18765","waiver","wevX"
"18773","18773","walleye","wclY"
"18777","18777","wallow","walo"
"18781","18781","waltz","wcls"
"18784","18784","wand","wand"
"18788","18788","want","wcnt"
"18795","18795","ward","word"
"18805","18805","warm","worm"
"18809","18809","warn","worn"
"18810","18810","warp","worp"
"18817","18817","wart","wort"
"18820","18820","wary","w@ri"
"18828","18828","wasp","wasp"
"18829","18829","wassail","wasL"
"18847","18847","wattle","watL"
"18848","18848","wavy","wevi"
"18849","18849","wax","w@ks"
"18858","18858","weald","wild"
"18859","18859","wealth","wElT"
"18863","18863","wearer","w@rX"
"18865","18865","weary","wIri"
"18868","18868","weather","wEDX"
"18877","18877","webbed","wEbd"
"18884","18884","weeny","wini"
"18887","18887","weft","wEft"
"18888","18888","weird","wIrd"
"18889","18889","welch","wElC"
"18891","18891","weld","wEld"
"18895","18895","welsh","wElS"
"18896","18896","welt","wElt"
"18900","18900","wench","wEnC"
"18901","18901","wend","wEnd"
"18902","18902","went","wEnt"
"18903","18903","wept","wEpt"
"18906","18906","west","wEst"
"18913","18913","wharf","worf"
"19018","19018","wicker","wIkX"
"19024","19024","widow","wIdo"
"19026","19026","width","wIdT"
"19027","19027","wiener","winX"
"19032","19032","wiggle","wIgL"
"19036","19036","wild","wYld"
"19048","19048","willow","wIlo"
"19051","19051","wilt","wIlt"
"19053","19053","wily","wYli"
"19056","19056","wince","wIns"
"19057","19057","winch","wInC"
"19058","19058","wind","wInd"
"19076","19076","winged","wIGd"
"19078","19078","wink","wIGk"
"19080","19080","winnow","wIno"
"19093","19093","wisp","wIsp"
"19103","19103","wither","wIDX"
"19109","19109","withy","wIDi"
"19115","19115","witty","wIti"
"19117","19117","wives","wYvz"
"19123","19123","woful","wofL"
"19126","19126","wold","wold"
"19127","19127","wolf","wUlf"
"19157","19157","wooly","wUli"
"19158","19158","woozy","wuzi"
"19168","19168","world","wRld"
"19177","19177","worsen","wRsN"
"19179","19179","worst","wRst"
"19184","19184","worthy","wRDi"
"19185","19185","wound","wWnd"
"19197","19197","wrench","rEnC"
"19198","19198","wrestle","rEsL"
"19201","19201","wriggle","rIgL"
"19203","19203","wrist","rIst"
"19207","19207","writer","rYtX"
"19210","19210","written","rItN"
"19237","19237","yammer","y@mX"
"19238","19238","yank","y@Gk"
"19242","19242","yard","yard"
"19244","19244","yarn","yarn"
"19245","19245","yarrow","y@ro"
"19257","19257","yeast","yist"
"19259","19259","yellow","yElo"
"19260","19260","yelp","yElp"
"19267","19267","yield","yild"
"19268","19268","yodel","yodL"
"19269","19269","yoga","yogx"
"19271","19271","yogi","yogi"
"19273","19273","yokel","yokL"
"19287","19287","yucca","y^kx"
"19291","19291","yummy","y^mi"
"19293","19293","zany","zeni"
"19304","19304","zephyr","zEfX"
"19306","19306","zero","zIro"
"19307","19307","zest","zEst"
"19309","19309","zinc","zIGk"
"19314","19314","zipper","zIpX"
"19317","19317","zither","zIDX"
"19322","19322","zonal","zonL"
"19325","19325","zoned","zond"
"19328","19328","zooid","zoOd"
